Interpretation1	Interpretation2	Question	Parse
maximum	salary_more_than	flight_1: what is average and concept_word1 salary of all concept_word2 employees. | flight : flno , origin , destination , distance , departure_date , arrival_date , price , aid | aircraft : aid , name , distance | employee : eid , name , salary | certificate : eid , aid	select avg(salary) , max(salary) from employee where salary > 30000
maximum	salary_more_than	flight_1: what is the concept_word1 and average salary of all concept_word2 employees? | flight : flno , origin , destination , distance , departure_date , arrival_date , price , aid | aircraft : aid , name , distance | employee : eid , name , salary | certificate : eid , aid	select avg(salary) , max(salary) from employee where salary > 30000
maximum	salary_more_than	college_2: give all information regarding concept_word2 instructors, in order of salary from least to concept_word1. | classroom : building , room_number , capacity | department : dept_name , building , budget | course : course_id , title , dept_name , credits | instructor : id , name , dept_name , salary | section : course_id , sec_id , semester , year , building , room_number , time_slot_id | teaches : id , course_id , sec_id , semester , year | student : id , name , dept_name , tot_cred | takes : id , course_id , sec_id , semester , year , grade | advisor : s_id , i_id | time_slot : time_slot_id , day , start_hr , start_min , end_hr , end_min | prereq : course_id , prereq_id	select * from instructor where salary > 30000 order by salary
minimum	salary_more_than	flight_1: show the name of concept_word2 employees with the three concept_word1 salaries. | flight : flno , origin , destination , distance , departure_date , arrival_date , price , aid | aircraft : aid , name , distance | employee : eid , name , salary | certificate : eid , aid	select name from employee where salary > 30000 order by salary asc limit 3
minimum	salary_more_than	hr_1: find the first name and last name and department id for those concept_word2 employees who earn such amount of salary which is the concept_word1 salary of any of the departments. | regions : region_id , region_name | countries : country_id , country_name , region_id | departments : department_id , department_name , manager_id , location_id | jobs : job_id , job_title , min_salary , max_salary | employees : employee_id , first_name , last_name , email , phone_number , hire_date , job_id , salary , commission_pct , manager_id , department_id | job_history : employee_id , start_date , end_date , job_id , department_id | locations : location_id , street_address , postal_code , city , state_province , country_id	select first_name , last_name , department_id from employees where salary > 30000 and salary in (select min(salary) from employees group by department_id)
average	salary_more_than	flight_1: what is concept_word1 and maximum salary of all concept_word2 employees. | flight : flno , origin , destination , distance , departure_date , arrival_date , price , aid | aircraft : aid , name , distance | employee : eid , name , salary | certificate : eid , aid	select avg(salary) , max(salary) from employee where salary > 30000
average	salary_more_than	flight_1: what is the largest and concept_word1 salary of all concept_word2 employees? | flight : flno , origin , destination , distance , departure_date , arrival_date , price , aid | aircraft : aid , name , distance | employee : eid , name , salary | certificate : eid , aid	select avg(salary) , max(salary) from employee where salary > 30000
average	salary_more_than	college_2: find the name and salary of concept_word2 instructors whose salary is below the concept_word1 salary of the concept_word2 instructors in the Physics department. | classroom : building , room_number , capacity | department : dept_name , building , budget | course : course_id , title , dept_name , credits | instructor : id , name , dept_name , salary | section : course_id , sec_id , semester , year , building , room_number , time_slot_id | teaches : id , course_id , sec_id , semester , year | student : id , name , dept_name , tot_cred | takes : id , course_id , sec_id , semester , year , grade | advisor : s_id , i_id | time_slot : time_slot_id , day , start_hr , start_min , end_hr , end_min | prereq : course_id , prereq_id	select name , salary from instructor where salary > 30000 and salary < (select avg(salary) from instructor where salary > 30000 and dept_name = 'Physics')
average	salary_more_than	college_2: what are the names and salaries for concept_word2 instructors who earn less than the concept_word1 salary of concept_word2 instructors in the Physics department? | classroom : building , room_number , capacity | department : dept_name , building , budget | course : course_id , title , dept_name , credits | instructor : id , name , dept_name , salary | section : course_id , sec_id , semester , year , building , room_number , time_slot_id | teaches : id , course_id , sec_id , semester , year | student : id , name , dept_name , tot_cred | takes : id , course_id , sec_id , semester , year , grade | advisor : s_id , i_id | time_slot : time_slot_id , day , start_hr , start_min , end_hr , end_min | prereq : course_id , prereq_id	select name , salary from instructor where salary > 30000 and salary < (select avg(salary) from instructor where salary > 30000 and dept_name = 'Physics')
average	salary_more_than	hr_1: display the concept_word1 salary of concept_word2 employees for each department who gets a commission percentage. | regions : region_id , region_name | countries : country_id , country_name , region_id | departments : department_id , department_name , manager_id , location_id | jobs : job_id , job_title , min_salary , max_salary | employees : employee_id , first_name , last_name , email , phone_number , hire_date , job_id , salary , commission_pct , manager_id , department_id | job_history : employee_id , start_date , end_date , job_id , department_id | locations : location_id , street_address , postal_code , city , state_province , country_id	"select department_id , avg(salary) from employees where salary > 30000 and commission_pct != ""null"" group by department_id"
average	salary_more_than	hr_1: what is the concept_word1 salary of concept_word2 employees who have a commission percentage that is not null? | regions : region_id , region_name | countries : country_id , country_name , region_id | departments : department_id , department_name , manager_id , location_id | jobs : job_id , job_title , min_salary , max_salary | employees : employee_id , first_name , last_name , email , phone_number , hire_date , job_id , salary , commission_pct , manager_id , department_id | job_history : employee_id , start_date , end_date , job_id , department_id | locations : location_id , street_address , postal_code , city , state_province , country_id	"select department_id , avg(salary) from employees where salary > 30000 and commission_pct != ""null"" group by department_id"
count	salary_more_than	flight_1: what is the concept_word1 of concept_word2 employees? | flight : flno , origin , destination , distance , departure_date , arrival_date , price , aid | aircraft : aid , name , distance | employee : eid , name , salary | certificate : eid , aid	select count(*) from employee where salary > 30000
not_in	salary_more_than	hr_1: what are the ids for concept_word2 employees who are concept_word1 from departments with managers that have ids between 100 and 200? | regions : region_id , region_name | countries : country_id , country_name , region_id | departments : department_id , department_name , manager_id , location_id | jobs : job_id , job_title , min_salary , max_salary | employees : employee_id , first_name , last_name , email , phone_number , hire_date , job_id , salary , commission_pct , manager_id , department_id | job_history : employee_id , start_date , end_date , job_id , department_id | locations : location_id , street_address , postal_code , city , state_province , country_id	select * from employees where salary > 30000 and department_id not in (select department_id from departments where salary > 30000 and manager_id between 100 and 200)
not_in	salary_more_than	college_2: find the names of concept_word2 instructors who were concept_word1 from any courses in the spring semester. | classroom : building , room_number , capacity | department : dept_name , building , budget | course : course_id , title , dept_name , credits | instructor : id , name , dept_name , salary | section : course_id , sec_id , semester , year , building , room_number , time_slot_id | teaches : id , course_id , sec_id , semester , year | student : id , name , dept_name , tot_cred | takes : id , course_id , sec_id , semester , year , grade | advisor : s_id , i_id | time_slot : time_slot_id , day , start_hr , start_min , end_hr , end_min | prereq : course_id , prereq_id	select name from instructor where salary > 30000 and id not in (select id from teaches where salary > 30000 and semester = 'spring')
not_in	salary_more_than	hr_1: find the ids of the concept_word2 employees who are concept_word1 from departments where some concept_word2 employees work, whose manager id is within the range of 100 and 200. | regions : region_id , region_name | countries : country_id , country_name , region_id | departments : department_id , department_name , manager_id , location_id | jobs : job_id , job_title , min_salary , max_salary | employees : employee_id , first_name , last_name , email , phone_number , hire_date , job_id , salary , commission_pct , manager_id , department_id | job_history : employee_id , start_date , end_date , job_id , department_id | locations : location_id , street_address , postal_code , city , state_province , country_id	select * from employees where salary > 30000 and department_id not in (select department_id from departments where salary > 30000 and manager_id between 100 and 200)
not_in	salary_more_than	college_2: what are the names of concept_word2 instructors who were concept_word1 from teaching courses in the spring? | classroom : building , room_number , capacity | department : dept_name , building , budget | course : course_id , title , dept_name , credits | instructor : id , name , dept_name , salary | section : course_id , sec_id , semester , year , building , room_number , time_slot_id | teaches : id , course_id , sec_id , semester , year | student : id , name , dept_name , tot_cred | takes : id , course_id , sec_id , semester , year , grade | advisor : s_id , i_id | time_slot : time_slot_id , day , start_hr , start_min , end_hr , end_min | prereq : course_id , prereq_id	select name from instructor where salary > 30000 and id not in (select id from teaches where salary > 30000 and semester = 'spring')
not_in	salary_more_than	hr_1: display all the information of those concept_word2 employees who were concept_word1 from any previous job. | regions : region_id , region_name | countries : country_id , country_name , region_id | departments : department_id , department_name , manager_id , location_id | jobs : job_id , job_title , min_salary , max_salary | employees : employee_id , first_name , last_name , email , phone_number , hire_date , job_id , salary , commission_pct , manager_id , department_id | job_history : employee_id , start_date , end_date , job_id , department_id | locations : location_id , street_address , postal_code , city , state_province , country_id	select * from employees where salary > 30000 and employee_id not in (select employee_id from job_history)
not_in	salary_more_than	college_2: find the names of concept_word2 instructors who were concept_word1 from teaching any courses? | classroom : building , room_number , capacity | department : dept_name , building , budget | course : course_id , title , dept_name , credits | instructor : id , name , dept_name , salary | section : course_id , sec_id , semester , year , building , room_number , time_slot_id | teaches : id , course_id , sec_id , semester , year | student : id , name , dept_name , tot_cred | takes : id , course_id , sec_id , semester , year , grade | advisor : s_id , i_id | time_slot : time_slot_id , day , start_hr , start_min , end_hr , end_min | prereq : course_id , prereq_id	select name from instructor where salary > 30000 and id not in (select id from teaches)
dept_science	salary_more_than	college_2: find the name and salary of concept_word2 instructors whose salary is below the average salary of the concept_word2 instructors in the concept_word1 department. | classroom : building , room_number , capacity | department : dept_name , building , budget | course : course_id , title , dept_name , credits | instructor : id , name , dept_name , salary | section : course_id , sec_id , semester , year , building , room_number , time_slot_id | teaches : id , course_id , sec_id , semester , year | student : id , name , dept_name , tot_cred | takes : id , course_id , sec_id , semester , year , grade | advisor : s_id , i_id | time_slot : time_slot_id , day , start_hr , start_min , end_hr , end_min | prereq : course_id , prereq_id	select name , salary from instructor where salary > 30000 and salary < (select avg(salary) from instructor where salary > 30000 and dept_name in ('Physics', 'Biology'))
dept_science	salary_more_than	college_2: what are the names and salaries for concept_word2 instructors who earn less than the average salary of concept_word2 instructors in the concept_word1 department? | classroom : building , room_number , capacity | department : dept_name , building , budget | course : course_id , title , dept_name , credits | instructor : id , name , dept_name , salary | section : course_id , sec_id , semester , year , building , room_number , time_slot_id | teaches : id , course_id , sec_id , semester , year | student : id , name , dept_name , tot_cred | takes : id , course_id , sec_id , semester , year , grade | advisor : s_id , i_id | time_slot : time_slot_id , day , start_hr , start_min , end_hr , end_min | prereq : course_id , prereq_id	select name , salary from instructor where salary > 30000 and salary < (select avg(salary) from instructor where salary > 30000 and dept_name in ('Physics', 'Biology'))
maximum	credit_4	college_2: find the names of the  3 departments that provide the concept_word1 amount of concept_word2 courses? | classroom : building , room_number , capacity | department : dept_name , building , budget | course : course_id , title , dept_name , credits | instructor : id , name , dept_name , salary | section : course_id , sec_id , semester , year , building , room_number , time_slot_id | teaches : id , course_id , sec_id , semester , year | student : id , name , dept_name , tot_cred | takes : id , course_id , sec_id , semester , year , grade | advisor : s_id , i_id | time_slot : time_slot_id , day , start_hr , start_min , end_hr , end_min | prereq : course_id , prereq_id	select dept_name from course where credits = 4 group by dept_name order by count(*) desc limit 3
sum	credit_4	college_2: find the concept_word1 credits of concept_word2 courses provided by different department. | classroom : building , room_number , capacity | department : dept_name , building , budget | course : course_id , title , dept_name , credits | instructor : id , name , dept_name , salary | section : course_id , sec_id , semester , year , building , room_number , time_slot_id | teaches : id , course_id , sec_id , semester , year | student : id , name , dept_name , tot_cred | takes : id , course_id , sec_id , semester , year , grade | advisor : s_id , i_id | time_slot : time_slot_id , day , start_hr , start_min , end_hr , end_min | prereq : course_id , prereq_id	select sum(credits) , dept_name from course where credits = 4 group by dept_name
not_in	credit_4	college_2: what are the titles of concept_word2 courses that are concept_word1 of prerequisites? | classroom : building , room_number , capacity | department : dept_name , building , budget | course : course_id , title , dept_name , credits | instructor : id , name , dept_name , salary | section : course_id , sec_id , semester , year , building , room_number , time_slot_id | teaches : id , course_id , sec_id , semester , year | student : id , name , dept_name , tot_cred | takes : id , course_id , sec_id , semester , year , grade | advisor : s_id , i_id | time_slot : time_slot_id , day , start_hr , start_min , end_hr , end_min | prereq : course_id , prereq_id	select title from course where credits = 4 and course_id not in (select course_id from prereq)
not_in	credit_4	college_2: how many concept_word2 courses are concept_word1 of prerequisite? | classroom : building , room_number , capacity | department : dept_name , building , budget | course : course_id , title , dept_name , credits | instructor : id , name , dept_name , salary | section : course_id , sec_id , semester , year , building , room_number , time_slot_id | teaches : id , course_id , sec_id , semester , year | student : id , name , dept_name , tot_cred | takes : id , course_id , sec_id , semester , year , grade | advisor : s_id , i_id | time_slot : time_slot_id , day , start_hr , start_min , end_hr , end_min | prereq : course_id , prereq_id	select count(*) from course where credits = 4 and course_id not in (select course_id from prereq)
not_in	credit_4	college_2: find the name of the concept_word2 courses that are concept_word1 of any prerequisite? | classroom : building , room_number , capacity | department : dept_name , building , budget | course : course_id , title , dept_name , credits | instructor : id , name , dept_name , salary | section : course_id , sec_id , semester , year , building , room_number , time_slot_id | teaches : id , course_id , sec_id , semester , year | student : id , name , dept_name , tot_cred | takes : id , course_id , sec_id , semester , year , grade | advisor : s_id , i_id | time_slot : time_slot_id , day , start_hr , start_min , end_hr , end_min | prereq : course_id , prereq_id	select title from course where credits = 4 and course_id not in (select course_id from prereq)
not_in	credit_4	college_2: what concept_word2 courses are concept_word1 of prerequisites? | classroom : building , room_number , capacity | department : dept_name , building , budget | course : course_id , title , dept_name , credits | instructor : id , name , dept_name , salary | section : course_id , sec_id , semester , year , building , room_number , time_slot_id | teaches : id , course_id , sec_id , semester , year | student : id , name , dept_name , tot_cred | takes : id , course_id , sec_id , semester , year , grade | advisor : s_id , i_id | time_slot : time_slot_id , day , start_hr , start_min , end_hr , end_min | prereq : course_id , prereq_id	select title from course where credits = 4 and course_id not in (select course_id from prereq)
not_in	credit_4	college_2: count the number of concept_word2 courses that are concept_word1 of prerequisites. | classroom : building , room_number , capacity | department : dept_name , building , budget | course : course_id , title , dept_name , credits | instructor : id , name , dept_name , salary | section : course_id , sec_id , semester , year , building , room_number , time_slot_id | teaches : id , course_id , sec_id , semester , year | student : id , name , dept_name , tot_cred | takes : id , course_id , sec_id , semester , year , grade | advisor : s_id , i_id | time_slot : time_slot_id , day , start_hr , start_min , end_hr , end_min | prereq : course_id , prereq_id	select count(*) from course where credits = 4 and course_id not in (select course_id from prereq)
dept_science	credit_4	college_2: how many different concept_word2 courses offered by concept_word1 department? | classroom : building , room_number , capacity | department : dept_name , building , budget | course : course_id , title , dept_name , credits | instructor : id , name , dept_name , salary | section : course_id , sec_id , semester , year , building , room_number , time_slot_id | teaches : id , course_id , sec_id , semester , year | student : id , name , dept_name , tot_cred | takes : id , course_id , sec_id , semester , year , grade | advisor : s_id , i_id | time_slot : time_slot_id , day , start_hr , start_min , end_hr , end_min | prereq : course_id , prereq_id	select count(distinct course_id) from course where credits = 4 and dept_name in ('Physics', 'Biology')
dept_science	credit_4	college_2: count the number of concept_word2 courses in the concept_word1 department. | classroom : building , room_number , capacity | department : dept_name , building , budget | course : course_id , title , dept_name , credits | instructor : id , name , dept_name , salary | section : course_id , sec_id , semester , year , building , room_number , time_slot_id | teaches : id , course_id , sec_id , semester , year | student : id , name , dept_name , tot_cred | takes : id , course_id , sec_id , semester , year , grade | advisor : s_id , i_id | time_slot : time_slot_id , day , start_hr , start_min , end_hr , end_min | prereq : course_id , prereq_id	select count(distinct course_id) from course where credits = 4 and dept_name in ('Physics', 'Biology')
dept_science	credit_4	college_2: find the name of students who took some concept_word2 course offered by concept_word1 department. | classroom : building , room_number , capacity | department : dept_name , building , budget | course : course_id , title , dept_name , credits | instructor : id , name , dept_name , salary | section : course_id , sec_id , semester , year , building , room_number , time_slot_id | teaches : id , course_id , sec_id , semester , year | student : id , name , dept_name , tot_cred | takes : id , course_id , sec_id , semester , year , grade | advisor : s_id , i_id | time_slot : time_slot_id , day , start_hr , start_min , end_hr , end_min | prereq : course_id , prereq_id	select t3.name from course as t1 join takes as t2 on t1.course_id = t2.course_id join student as t3 on t2.id = t3.id where credits = 4 and t1.dept_name in ('Physics', 'Biology')
dept_science	credit_4	college_2: find the building, room number, semester and year of all concept_word2 courses offered by concept_word1 department sorted by course titles. | classroom : building , room_number , capacity | department : dept_name , building , budget | course : course_id , title , dept_name , credits | instructor : id , name , dept_name , salary | section : course_id , sec_id , semester , year , building , room_number , time_slot_id | teaches : id , course_id , sec_id , semester , year | student : id , name , dept_name , tot_cred | takes : id , course_id , sec_id , semester , year , grade | advisor : s_id , i_id | time_slot : time_slot_id , day , start_hr , start_min , end_hr , end_min | prereq : course_id , prereq_id	select t2.building , t2.room_number , t2.semester , t2.year from course as t1 join section as t2 on t1.course_id = t2.course_id where credits = 4 and t1.dept_name in ('Physics', 'Biology') order by t1.title
dept_science	credit_4	college_2: what are the building, room number, semester and year of concept_word2 courses in the concept_word1 department, sorted using course title? | classroom : building , room_number , capacity | department : dept_name , building , budget | course : course_id , title , dept_name , credits | instructor : id , name , dept_name , salary | section : course_id , sec_id , semester , year , building , room_number , time_slot_id | teaches : id , course_id , sec_id , semester , year | student : id , name , dept_name , tot_cred | takes : id , course_id , sec_id , semester , year , grade | advisor : s_id , i_id | time_slot : time_slot_id , day , start_hr , start_min , end_hr , end_min | prereq : course_id , prereq_id	select t2.building , t2.room_number , t2.semester , t2.year from course as t1 join section as t2 on t1.course_id = t2.course_id where credits = 4 and t1.dept_name in ('Physics', 'Biology') order by t1.title
dept_science	credit_4	college_2: what are the names of students who have taken concept_word1 concept_word2 courses? | classroom : building , room_number , capacity | department : dept_name , building , budget | course : course_id , title , dept_name , credits | instructor : id , name , dept_name , salary | section : course_id , sec_id , semester , year , building , room_number , time_slot_id | teaches : id , course_id , sec_id , semester , year | student : id , name , dept_name , tot_cred | takes : id , course_id , sec_id , semester , year , grade | advisor : s_id , i_id | time_slot : time_slot_id , day , start_hr , start_min , end_hr , end_min | prereq : course_id , prereq_id	select t3.name from course as t1 join takes as t2 on t1.course_id = t2.course_id join student as t3 on t2.id = t3.id where credits = 4 and t1.dept_name in ('Physics', 'Biology')
course_prereq_id	credit_4	college_2: count the number of concept_word2 courses without any prerequisites having concept_word1 less than 80000. | classroom : building , room_number , capacity | department : dept_name , building , budget | course : course_id , title , dept_name , credits | instructor : id , name , dept_name , salary | section : course_id , sec_id , semester , year , building , room_number , time_slot_id | teaches : id , course_id , sec_id , semester , year | student : id , name , dept_name , tot_cred | takes : id , course_id , sec_id , semester , year , grade | advisor : s_id , i_id | time_slot : time_slot_id , day , start_hr , start_min , end_hr , end_min | prereq : course_id , prereq_id	select count(*) from course where credits = 4 and course_id not in (select course_id from prereq where course_id * prereq_id < 80000)
course_prereq_id	credit_4	college_2: find the name of the concept_word2 courses that do not have any prerequisite with concept_word1 more than 200000? | classroom : building , room_number , capacity | department : dept_name , building , budget | course : course_id , title , dept_name , credits | instructor : id , name , dept_name , salary | section : course_id , sec_id , semester , year , building , room_number , time_slot_id | teaches : id , course_id , sec_id , semester , year | student : id , name , dept_name , tot_cred | takes : id , course_id , sec_id , semester , year , grade | advisor : s_id , i_id | time_slot : time_slot_id , day , start_hr , start_min , end_hr , end_min | prereq : course_id , prereq_id	select title from course where credits = 4 and course_id not in (select course_id from prereq where course_id * prereq_id > 200000)
course_prereq_id	credit_4	college_2: what are the titles of concept_word2 courses without prerequisites having concept_word1 more than 150000? | classroom : building , room_number , capacity | department : dept_name , building , budget | course : course_id , title , dept_name , credits | instructor : id , name , dept_name , salary | section : course_id , sec_id , semester , year , building , room_number , time_slot_id | teaches : id , course_id , sec_id , semester , year | student : id , name , dept_name , tot_cred | takes : id , course_id , sec_id , semester , year , grade | advisor : s_id , i_id | time_slot : time_slot_id , day , start_hr , start_min , end_hr , end_min | prereq : course_id , prereq_id	select title from course where credits = 4 and course_id not in (select course_id from prereq where course_id * prereq_id > 150000)
course_prereq_id	credit_4	college_2: how many concept_word2 courses have prerequisite with concept_word1 less than 100000 ? | classroom : building , room_number , capacity | department : dept_name , building , budget | course : course_id , title , dept_name , credits | instructor : id , name , dept_name , salary | section : course_id , sec_id , semester , year , building , room_number , time_slot_id | teaches : id , course_id , sec_id , semester , year | student : id , name , dept_name , tot_cred | takes : id , course_id , sec_id , semester , year , grade | advisor : s_id , i_id | time_slot : time_slot_id , day , start_hr , start_min , end_hr , end_min | prereq : course_id , prereq_id	select count(*) from course where credits = 4 and course_id in (select course_id from prereq where course_id * prereq_id < 100000)
course_prereq_id	credit_4	college_2: count the number of concept_word2 courses with prerequisites having concept_word1 more than 80000. | classroom : building , room_number , capacity | department : dept_name , building , budget | course : course_id , title , dept_name , credits | instructor : id , name , dept_name , salary | section : course_id , sec_id , semester , year , building , room_number , time_slot_id | teaches : id , course_id , sec_id , semester , year | student : id , name , dept_name , tot_cred | takes : id , course_id , sec_id , semester , year , grade | advisor : s_id , i_id | time_slot : time_slot_id , day , start_hr , start_min , end_hr , end_min | prereq : course_id , prereq_id	select count(*) from course where credits = 4 and course_id in (select course_id from prereq where course_id * prereq_id > 80000)
course_prereq_id	credit_4	college_2: what are the titles of concept_word2 courses with prerequisites having concept_word1 more than 150000? | classroom : building , room_number , capacity | department : dept_name , building , budget | course : course_id , title , dept_name , credits | instructor : id , name , dept_name , salary | section : course_id , sec_id , semester , year , building , room_number , time_slot_id | teaches : id , course_id , sec_id , semester , year | student : id , name , dept_name , tot_cred | takes : id , course_id , sec_id , semester , year , grade | advisor : s_id , i_id | time_slot : time_slot_id , day , start_hr , start_min , end_hr , end_min | prereq : course_id , prereq_id	select title from course where credits = 4 and course_id in (select course_id from prereq where course_id * prereq_id > 150000)
course_prereq_id	credit_4	college_2: find the id of the concept_word2 courses that have prerequisite with concept_word1 less than 170000? | classroom : building , room_number , capacity | department : dept_name , building , budget | course : course_id , title , dept_name , credits | instructor : id , name , dept_name , salary | section : course_id , sec_id , semester , year , building , room_number , time_slot_id | teaches : id , course_id , sec_id , semester , year | student : id , name , dept_name , tot_cred | takes : id , course_id , sec_id , semester , year , grade | advisor : s_id , i_id | time_slot : time_slot_id , day , start_hr , start_min , end_hr , end_min | prereq : course_id , prereq_id	select course_id from course where credits = 4 and course_id in (select course_id from prereq where course_id * prereq_id < 170000)
course_prereq_id	credit_4	college_2: what departments offer concept_word2 courses with prerequisites having concept_word1 less than 120000? | classroom : building , room_number , capacity | department : dept_name , building , budget | course : course_id , title , dept_name , credits | instructor : id , name , dept_name , salary | section : course_id , sec_id , semester , year , building , room_number , time_slot_id | teaches : id , course_id , sec_id , semester , year | student : id , name , dept_name , tot_cred | takes : id , course_id , sec_id , semester , year , grade | advisor : s_id , i_id | time_slot : time_slot_id , day , start_hr , start_min , end_hr , end_min | prereq : course_id , prereq_id	select dept_name from course where credits = 4 and course_id in (select course_id from prereq where course_id * prereq_id < 120000)
course_prereq_id	credit_4	college_2: find the names of departments offering concept_word2 courses that have prerequisites with concept_word1 more than 110000? | classroom : building , room_number , capacity | department : dept_name , building , budget | course : course_id , title , dept_name , credits | instructor : id , name , dept_name , salary | section : course_id , sec_id , semester , year , building , room_number , time_slot_id | teaches : id , course_id , sec_id , semester , year | student : id , name , dept_name , tot_cred | takes : id , course_id , sec_id , semester , year , grade | advisor : s_id , i_id | time_slot : time_slot_id , day , start_hr , start_min , end_hr , end_min | prereq : course_id , prereq_id	select dept_name from course where credits = 4 and course_id in (select course_id from prereq where course_id * prereq_id > 110000)
course_prereq_id	credit_4	college_2: find the name and id of the concept_word2 courses that have prerequisite with concept_word1 less than 200000? | classroom : building , room_number , capacity | department : dept_name , building , budget | course : course_id , title , dept_name , credits | instructor : id , name , dept_name , salary | section : course_id , sec_id , semester , year , building , room_number , time_slot_id | teaches : id , course_id , sec_id , semester , year | student : id , name , dept_name , tot_cred | takes : id , course_id , sec_id , semester , year , grade | advisor : s_id , i_id | time_slot : time_slot_id , day , start_hr , start_min , end_hr , end_min | prereq : course_id , prereq_id	select title, course_id from course where credits = 4 and course_id in (select course_id from prereq where course_id * prereq_id < 200000)
course_prereq_id	credit_4	college_2: what are the titles of concept_word2 courses without prerequisites having concept_word1 206336? | classroom : building , room_number , capacity | department : dept_name , building , budget | course : course_id , title , dept_name , credits | instructor : id , name , dept_name , salary | section : course_id , sec_id , semester , year , building , room_number , time_slot_id | teaches : id , course_id , sec_id , semester , year | student : id , name , dept_name , tot_cred | takes : id , course_id , sec_id , semester , year , grade | advisor : s_id , i_id | time_slot : time_slot_id , day , start_hr , start_min , end_hr , end_min | prereq : course_id , prereq_id	select title from course where credits = 4 and course_id not in (select course_id from prereq where course_id * prereq_id = 206336)
course_prereq_id	credit_4	college_2: what are the titles and credits of concept_word2 courses without prerequisites having concept_word1 more than 150000? | classroom : building , room_number , capacity | department : dept_name , building , budget | course : course_id , title , dept_name , credits | instructor : id , name , dept_name , salary | section : course_id , sec_id , semester , year , building , room_number , time_slot_id | teaches : id , course_id , sec_id , semester , year | student : id , name , dept_name , tot_cred | takes : id , course_id , sec_id , semester , year , grade | advisor : s_id , i_id | time_slot : time_slot_id , day , start_hr , start_min , end_hr , end_min | prereq : course_id , prereq_id	select title, credits from course where credits = 4 and course_id not in (select course_id from prereq where course_id * prereq_id > 150000)
course_prereq_id	credit_4	college_2: how many concept_word2 courses do not have prerequisites with concept_word1 more than 100000 ? | classroom : building , room_number , capacity | department : dept_name , building , budget | course : course_id , title , dept_name , credits | instructor : id , name , dept_name , salary | section : course_id , sec_id , semester , year , building , room_number , time_slot_id | teaches : id , course_id , sec_id , semester , year | student : id , name , dept_name , tot_cred | takes : id , course_id , sec_id , semester , year , grade | advisor : s_id , i_id | time_slot : time_slot_id , day , start_hr , start_min , end_hr , end_min | prereq : course_id , prereq_id	select count(*) from course where credits = 4 and course_id not in (select course_id from prereq where course_id * prereq_id > 100000)
course_prereq_id	credit_4	college_2: find the name of the concept_word2 courses that have prerequisite with concept_word1 less than 200000? | classroom : building , room_number , capacity | department : dept_name , building , budget | course : course_id , title , dept_name , credits | instructor : id , name , dept_name , salary | section : course_id , sec_id , semester , year , building , room_number , time_slot_id | teaches : id , course_id , sec_id , semester , year | student : id , name , dept_name , tot_cred | takes : id , course_id , sec_id , semester , year , grade | advisor : s_id , i_id | time_slot : time_slot_id , day , start_hr , start_min , end_hr , end_min | prereq : course_id , prereq_id	select title from course where credits = 4 and course_id in (select course_id from prereq where course_id * prereq_id < 200000)
course_prereq_id	credit_4	college_2: what are the ids of concept_word2 courses with prerequisites having concept_word1 less than 90000? | classroom : building , room_number , capacity | department : dept_name , building , budget | course : course_id , title , dept_name , credits | instructor : id , name , dept_name , salary | section : course_id , sec_id , semester , year , building , room_number , time_slot_id | teaches : id , course_id , sec_id , semester , year | student : id , name , dept_name , tot_cred | takes : id , course_id , sec_id , semester , year , grade | advisor : s_id , i_id | time_slot : time_slot_id , day , start_hr , start_min , end_hr , end_min | prereq : course_id , prereq_id	select course_id from course where credits = 4 and course_id in (select course_id from prereq where course_id * prereq_id < 90000)
course_prereq_id	credit_4	college_2: find the id and credits of the concept_word2 courses that do not have any prerequisite with concept_word1 less than 170000? | classroom : building , room_number , capacity | department : dept_name , building , budget | course : course_id , title , dept_name , credits | instructor : id , name , dept_name , salary | section : course_id , sec_id , semester , year , building , room_number , time_slot_id | teaches : id , course_id , sec_id , semester , year | student : id , name , dept_name , tot_cred | takes : id , course_id , sec_id , semester , year , grade | advisor : s_id , i_id | time_slot : time_slot_id , day , start_hr , start_min , end_hr , end_min | prereq : course_id , prereq_id	select course_id, credits from course where credits = 4 and course_id not in (select course_id from prereq where course_id * prereq_id < 170000)
maximum	dept_science	college_2: find the name of the concept_word2 department that offers the concept_word1 total credits? | classroom : building , room_number , capacity | department : dept_name , building , budget | course : course_id , title , dept_name , credits | instructor : id , name , dept_name , salary | section : course_id , sec_id , semester , year , building , room_number , time_slot_id | teaches : id , course_id , sec_id , semester , year | student : id , name , dept_name , tot_cred | takes : id , course_id , sec_id , semester , year , grade | advisor : s_id , i_id | time_slot : time_slot_id , day , start_hr , start_min , end_hr , end_min | prereq : course_id , prereq_id	select dept_name from course group by dept_name having dept_name in ('Physics', 'Biology') order by sum(credits) desc limit 1
maximum	dept_science	college_2: what are the names of students and their respective concept_word2 departments, ordered by number of credits from least to concept_word1? | classroom : building , room_number , capacity | department : dept_name , building , budget | course : course_id , title , dept_name , credits | instructor : id , name , dept_name , salary | section : course_id , sec_id , semester , year , building , room_number , time_slot_id | teaches : id , course_id , sec_id , semester , year | student : id , name , dept_name , tot_cred | takes : id , course_id , sec_id , semester , year , grade | advisor : s_id , i_id | time_slot : time_slot_id , day , start_hr , start_min , end_hr , end_min | prereq : course_id , prereq_id	select name , dept_name from student where dept_name in ('Physics', 'Biology') order by tot_cred
maximum	dept_science	college_2: find the name of concept_word2 department has the concept_word1 amount of students? | classroom : building , room_number , capacity | department : dept_name , building , budget | course : course_id , title , dept_name , credits | instructor : id , name , dept_name , salary | section : course_id , sec_id , semester , year , building , room_number , time_slot_id | teaches : id , course_id , sec_id , semester , year | student : id , name , dept_name , tot_cred | takes : id , course_id , sec_id , semester , year , grade | advisor : s_id , i_id | time_slot : time_slot_id , day , start_hr , start_min , end_hr , end_min | prereq : course_id , prereq_id	select dept_name from student group by dept_name having dept_name in ('Physics', 'Biology') order by count(*) desc limit 1
maximum	dept_science	college_2: find the name of the concept_word2 department which has the concept_word1 average salary of professors. | classroom : building , room_number , capacity | department : dept_name , building , budget | course : course_id , title , dept_name , credits | instructor : id , name , dept_name , salary | section : course_id , sec_id , semester , year , building , room_number , time_slot_id | teaches : id , course_id , sec_id , semester , year | student : id , name , dept_name , tot_cred | takes : id , course_id , sec_id , semester , year , grade | advisor : s_id , i_id | time_slot : time_slot_id , day , start_hr , start_min , end_hr , end_min | prereq : course_id , prereq_id	select dept_name from instructor group by dept_name having dept_name in ('Physics', 'Biology') order by avg(salary) desc limit 1
maximum	dept_science	college_2: which concept_word2 department has the concept_word1 average instructor salary? | classroom : building , room_number , capacity | department : dept_name , building , budget | course : course_id , title , dept_name , credits | instructor : id , name , dept_name , salary | section : course_id , sec_id , semester , year , building , room_number , time_slot_id | teaches : id , course_id , sec_id , semester , year | student : id , name , dept_name , tot_cred | takes : id , course_id , sec_id , semester , year , grade | advisor : s_id , i_id | time_slot : time_slot_id , day , start_hr , start_min , end_hr , end_min | prereq : course_id , prereq_id	select dept_name from instructor group by dept_name having dept_name in ('Physics', 'Biology') order by avg(salary) desc limit 1
minimum	dept_science	college_2: which concept_word2 department has the concept_word1 budget? | classroom : building , room_number , capacity | department : dept_name , building , budget | course : course_id , title , dept_name , credits | instructor : id , name , dept_name , salary | section : course_id , sec_id , semester , year , building , room_number , time_slot_id | teaches : id , course_id , sec_id , semester , year | student : id , name , dept_name , tot_cred | takes : id , course_id , sec_id , semester , year , grade | advisor : s_id , i_id | time_slot : time_slot_id , day , start_hr , start_min , end_hr , end_min | prereq : course_id , prereq_id	select dept_name from department where dept_name in ('Physics', 'Biology') order by budget limit 1
minimum	dept_science	college_2: give the name of the concept_word2 department with the concept_word1 budget. | classroom : building , room_number , capacity | department : dept_name , building , budget | course : course_id , title , dept_name , credits | instructor : id , name , dept_name , salary | section : course_id , sec_id , semester , year , building , room_number , time_slot_id | teaches : id , course_id , sec_id , semester , year | student : id , name , dept_name , tot_cred | takes : id , course_id , sec_id , semester , year , grade | advisor : s_id , i_id | time_slot : time_slot_id , day , start_hr , start_min , end_hr , end_min | prereq : course_id , prereq_id	select dept_name from department where dept_name in ('Physics', 'Biology') order by budget limit 1
minimum	dept_science	college_2: find the concept_word1 salary for the concept_word2 departments whose average salary is above the average payment of all instructors. | classroom : building , room_number , capacity | department : dept_name , building , budget | course : course_id , title , dept_name , credits | instructor : id , name , dept_name , salary | section : course_id , sec_id , semester , year , building , room_number , time_slot_id | teaches : id , course_id , sec_id , semester , year | student : id , name , dept_name , tot_cred | takes : id , course_id , sec_id , semester , year , grade | advisor : s_id , i_id | time_slot : time_slot_id , day , start_hr , start_min , end_hr , end_min | prereq : course_id , prereq_id	select min(salary) , dept_name from instructor group by dept_name having dept_name in ('Physics', 'Biology') and avg(salary) > (select avg(salary) from instructor)
minimum	dept_science	college_2: what is the concept_word1 salary in concept_word2 departments with average salary greater than the overall average. | classroom : building , room_number , capacity | department : dept_name , building , budget | course : course_id , title , dept_name , credits | instructor : id , name , dept_name , salary | section : course_id , sec_id , semester , year , building , room_number , time_slot_id | teaches : id , course_id , sec_id , semester , year | student : id , name , dept_name , tot_cred | takes : id , course_id , sec_id , semester , year , grade | advisor : s_id , i_id | time_slot : time_slot_id , day , start_hr , start_min , end_hr , end_min | prereq : course_id , prereq_id	select min(salary) , dept_name from instructor group by dept_name having dept_name in ('Physics', 'Biology') and avg(salary) > (select avg(salary) from instructor)
minimum	dept_science	college_1: what is the name of concept_word2 department where has the concept_word1 number of professors? | class : class_code , crs_code , class_section , class_time , class_room , prof_num | course : crs_code , dept_code , crs_description , crs_credit | department : dept_code , dept_name , school_code , emp_num , dept_address , dept_extension | employee : emp_num , emp_lname , emp_fname , emp_initial , emp_jobcode , emp_hiredate , emp_dob | enroll : class_code , stu_num , enroll_grade | professor : emp_num , dept_code , prof_office , prof_extension , prof_high_degree | student : stu_num , stu_lname , stu_fname , stu_init , stu_dob , stu_hrs , stu_class , stu_gpa , stu_transfer , dept_code , stu_phone , prof_num	select t2.dept_name from professor as t1 join department as t2 on t1.dept_code = t2.dept_code group by t1.dept_code having dept_name in ('Physics', 'Biology') order by count(*) limit 1
average	dept_science	college_2: find the name and budget of concept_word2 departments whose budgets are more than the concept_word1 budget. | classroom : building , room_number , capacity | department : dept_name , building , budget | course : course_id , title , dept_name , credits | instructor : id , name , dept_name , salary | section : course_id , sec_id , semester , year , building , room_number , time_slot_id | teaches : id , course_id , sec_id , semester , year | student : id , name , dept_name , tot_cred | takes : id , course_id , sec_id , semester , year , grade | advisor : s_id , i_id | time_slot : time_slot_id , day , start_hr , start_min , end_hr , end_min | prereq : course_id , prereq_id	select dept_name , budget from department where dept_name in ('Physics', 'Biology') and budget > (select avg(budget) from department)
average	dept_science	college_2: find the minimum salary for the concept_word2 departments whose concept_word1 salary is above the concept_word1 payment of all instructors. | classroom : building , room_number , capacity | department : dept_name , building , budget | course : course_id , title , dept_name , credits | instructor : id , name , dept_name , salary | section : course_id , sec_id , semester , year , building , room_number , time_slot_id | teaches : id , course_id , sec_id , semester , year | student : id , name , dept_name , tot_cred | takes : id , course_id , sec_id , semester , year , grade | advisor : s_id , i_id | time_slot : time_slot_id , day , start_hr , start_min , end_hr , end_min | prereq : course_id , prereq_id	select min(salary) , dept_name from instructor group by dept_name having dept_name in ('Physics', 'Biology') and avg(salary) > (select avg(salary) from instructor)
average	dept_science	college_2: what is the lowest salary in concept_word2 departments with concept_word1 salary greater than the overall concept_word1. | classroom : building , room_number , capacity | department : dept_name , building , budget | course : course_id , title , dept_name , credits | instructor : id , name , dept_name , salary | section : course_id , sec_id , semester , year , building , room_number , time_slot_id | teaches : id , course_id , sec_id , semester , year | student : id , name , dept_name , tot_cred | takes : id , course_id , sec_id , semester , year , grade | advisor : s_id , i_id | time_slot : time_slot_id , day , start_hr , start_min , end_hr , end_min | prereq : course_id , prereq_id	select min(salary) , dept_name from instructor group by dept_name having dept_name in ('Physics', 'Biology') and avg(salary) > (select avg(salary) from instructor)
average	dept_science	college_2: find the name of the concept_word2 department which has the highest concept_word1 salary of professors. | classroom : building , room_number , capacity | department : dept_name , building , budget | course : course_id , title , dept_name , credits | instructor : id , name , dept_name , salary | section : course_id , sec_id , semester , year , building , room_number , time_slot_id | teaches : id , course_id , sec_id , semester , year | student : id , name , dept_name , tot_cred | takes : id , course_id , sec_id , semester , year , grade | advisor : s_id , i_id | time_slot : time_slot_id , day , start_hr , start_min , end_hr , end_min | prereq : course_id , prereq_id	select dept_name from instructor group by dept_name having dept_name in ('Physics', 'Biology') order by avg(salary) desc limit 1
average	dept_science	college_2: find the name and salary of instructors whose salary is below the concept_word1 salary of the instructors in the Physics concept_word2 department. | classroom : building , room_number , capacity | department : dept_name , building , budget | course : course_id , title , dept_name , credits | instructor : id , name , dept_name , salary | section : course_id , sec_id , semester , year , building , room_number , time_slot_id | teaches : id , course_id , sec_id , semester , year | student : id , name , dept_name , tot_cred | takes : id , course_id , sec_id , semester , year , grade | advisor : s_id , i_id | time_slot : time_slot_id , day , start_hr , start_min , end_hr , end_min | prereq : course_id , prereq_id	select name , salary from instructor where dept_name in ('Physics', 'Biology') and salary < (select avg(salary) from instructor where dept_name in ('Physics', 'Biology') and dept_name = 'Physics')
average	dept_science	college_2: what are the names and salaries for instructors who earn less than the concept_word1 salary of instructors in the Physics concept_word2 department? | classroom : building , room_number , capacity | department : dept_name , building , budget | course : course_id , title , dept_name , credits | instructor : id , name , dept_name , salary | section : course_id , sec_id , semester , year , building , room_number , time_slot_id | teaches : id , course_id , sec_id , semester , year | student : id , name , dept_name , tot_cred | takes : id , course_id , sec_id , semester , year , grade | advisor : s_id , i_id | time_slot : time_slot_id , day , start_hr , start_min , end_hr , end_min | prereq : course_id , prereq_id	select name , salary from instructor where dept_name in ('Physics', 'Biology') and salary < (select avg(salary) from instructor where dept_name in ('Physics', 'Biology') and dept_name = 'Physics')
average	dept_science	college_2: what is the name and building of the concept_word2 departments whose budget is more than the concept_word1 budget? | classroom : building , room_number , capacity | department : dept_name , building , budget | course : course_id , title , dept_name , credits | instructor : id , name , dept_name , salary | section : course_id , sec_id , semester , year , building , room_number , time_slot_id | teaches : id , course_id , sec_id , semester , year | student : id , name , dept_name , tot_cred | takes : id , course_id , sec_id , semester , year , grade | advisor : s_id , i_id | time_slot : time_slot_id , day , start_hr , start_min , end_hr , end_min | prereq : course_id , prereq_id	select dept_name , building from department where dept_name in ('Physics', 'Biology') and budget > (select avg(budget) from department)
count	dept_science	college_2: find the concept_word1 of concept_word2 departments which offer courses. | classroom : building , room_number , capacity | department : dept_name , building , budget | course : course_id , title , dept_name , credits | instructor : id , name , dept_name , salary | section : course_id , sec_id , semester , year , building , room_number , time_slot_id | teaches : id , course_id , sec_id , semester , year | student : id , name , dept_name , tot_cred | takes : id , course_id , sec_id , semester , year , grade | advisor : s_id , i_id | time_slot : time_slot_id , day , start_hr , start_min , end_hr , end_min | prereq : course_id , prereq_id	select count(distinct dept_name) from course where dept_name in ('Physics', 'Biology')
sum	dept_science	college_2: find the concept_word1 credits of courses provided by different concept_word2 department. | classroom : building , room_number , capacity | department : dept_name , building , budget | course : course_id , title , dept_name , credits | instructor : id , name , dept_name , salary | section : course_id , sec_id , semester , year , building , room_number , time_slot_id | teaches : id , course_id , sec_id , semester , year | student : id , name , dept_name , tot_cred | takes : id , course_id , sec_id , semester , year , grade | advisor : s_id , i_id | time_slot : time_slot_id , day , start_hr , start_min , end_hr , end_min | prereq : course_id , prereq_id	select sum(credits) , dept_name from course group by dept_name having dept_name in ('Physics', 'Biology') 
sum	dept_science	college_2: how many concept_word1 credits are offered by each concept_word2 department? | classroom : building , room_number , capacity | department : dept_name , building , budget | course : course_id , title , dept_name , credits | instructor : id , name , dept_name , salary | section : course_id , sec_id , semester , year , building , room_number , time_slot_id | teaches : id , course_id , sec_id , semester , year | student : id , name , dept_name , tot_cred | takes : id , course_id , sec_id , semester , year , grade | advisor : s_id , i_id | time_slot : time_slot_id , day , start_hr , start_min , end_hr , end_min | prereq : course_id , prereq_id	select sum(credits) , dept_name from course group by dept_name having dept_name in ('Physics', 'Biology') 
above_average	dept_science	college_2: what is the name and building of the concept_word2 departments who have a concept_word1 budget? | classroom : building , room_number , capacity | department : dept_name , building , budget | course : course_id , title , dept_name , credits | instructor : id , name , dept_name , salary | section : course_id , sec_id , semester , year , building , room_number , time_slot_id | teaches : id , course_id , sec_id , semester , year | student : id , name , dept_name , tot_cred | takes : id , course_id , sec_id , semester , year , grade | advisor : s_id , i_id | time_slot : time_slot_id , day , start_hr , start_min , end_hr , end_min | prereq : course_id , prereq_id	select dept_name , building from department where dept_name in ('Physics', 'Biology') and budget > (select avg(budget) from department)
above_average	dept_science	college_2: give the name and building of the concept_word2 departments with concept_word1 budget. | classroom : building , room_number , capacity | department : dept_name , building , budget | course : course_id , title , dept_name , credits | instructor : id , name , dept_name , salary | section : course_id , sec_id , semester , year , building , room_number , time_slot_id | teaches : id , course_id , sec_id , semester , year | student : id , name , dept_name , tot_cred | takes : id , course_id , sec_id , semester , year , grade | advisor : s_id , i_id | time_slot : time_slot_id , day , start_hr , start_min , end_hr , end_min | prereq : course_id , prereq_id	select dept_name , building from department where dept_name in ('Physics', 'Biology') and budget > (select avg(budget) from department)
above_average	dept_science	college_2: find the name and budget of concept_word2 departments whose budgets are concept_word1. | classroom : building , room_number , capacity | department : dept_name , building , budget | course : course_id , title , dept_name , credits | instructor : id , name , dept_name , salary | section : course_id , sec_id , semester , year , building , room_number , time_slot_id | teaches : id , course_id , sec_id , semester , year | student : id , name , dept_name , tot_cred | takes : id , course_id , sec_id , semester , year , grade | advisor : s_id , i_id | time_slot : time_slot_id , day , start_hr , start_min , end_hr , end_min | prereq : course_id , prereq_id	select dept_name , budget from department where dept_name in ('Physics', 'Biology') and budget > (select avg(budget) from department)
above_average	dept_science	college_2: find the minimum salary for the concept_word2 departments whose average salary is concept_word1 compared to payment of all instructors. | classroom : building , room_number , capacity | department : dept_name , building , budget | course : course_id , title , dept_name , credits | instructor : id , name , dept_name , salary | section : course_id , sec_id , semester , year , building , room_number , time_slot_id | teaches : id , course_id , sec_id , semester , year | student : id , name , dept_name , tot_cred | takes : id , course_id , sec_id , semester , year , grade | advisor : s_id , i_id | time_slot : time_slot_id , day , start_hr , start_min , end_hr , end_min | prereq : course_id , prereq_id	select min(salary) , dept_name from instructor group by dept_name having dept_name in ('Physics', 'Biology') and avg(salary) > (select avg(salary) from instructor)
above_average	dept_science	college_2: what is the lowest salary in concept_word2 departments with average salary concept_word1. | classroom : building , room_number , capacity | department : dept_name , building , budget | course : course_id , title , dept_name , credits | instructor : id , name , dept_name , salary | section : course_id , sec_id , semester , year , building , room_number , time_slot_id | teaches : id , course_id , sec_id , semester , year | student : id , name , dept_name , tot_cred | takes : id , course_id , sec_id , semester , year , grade | advisor : s_id , i_id | time_slot : time_slot_id , day , start_hr , start_min , end_hr , end_min | prereq : course_id , prereq_id	select min(salary) , dept_name from instructor group by dept_name having dept_name in ('Physics', 'Biology') and avg(salary) > (select avg(salary) from instructor)
above_average	dept_science	college_2: what are the names and budgets of concept_word2 departments with budgets concept_word1? | classroom : building , room_number , capacity | department : dept_name , building , budget | course : course_id , title , dept_name , credits | instructor : id , name , dept_name , salary | section : course_id , sec_id , semester , year , building , room_number , time_slot_id | teaches : id , course_id , sec_id , semester , year | student : id , name , dept_name , tot_cred | takes : id , course_id , sec_id , semester , year , grade | advisor : s_id , i_id | time_slot : time_slot_id , day , start_hr , start_min , end_hr , end_min | prereq : course_id , prereq_id	select dept_name , budget from department where dept_name in ('Physics', 'Biology') and budget > (select avg(budget) from department)
value_mode	dept_science	college_2: What are the concept_word2 department names of student where the total credits is the one that is concept_word1? | classroom : building , room_number , capacity | department : dept_name , building , budget | course : course_id , title , dept_name , credits | instructor : id , name , dept_name , salary | section : course_id , sec_id , semester , year , building , room_number , time_slot_id | teaches : id , course_id , sec_id , semester , year | student : id , name , dept_name , tot_cred | takes : id , course_id , sec_id , semester , year , grade | advisor : s_id , i_id | time_slot : time_slot_id , day , start_hr , start_min , end_hr , end_min | prereq : course_id , prereq_id	select dept_name from student where dept_name in ('Physics', 'Biology') and tot_cred in (select tot_cred from student group by tot_cred order by count(*) desc limit 1)
value_mode	dept_science	college_2: Display the name, concept_word2 department name of student with the concept_word1 total credits. | classroom : building , room_number , capacity | department : dept_name , building , budget | course : course_id , title , dept_name , credits | instructor : id , name , dept_name , salary | section : course_id , sec_id , semester , year , building , room_number , time_slot_id | teaches : id , course_id , sec_id , semester , year | student : id , name , dept_name , tot_cred | takes : id , course_id , sec_id , semester , year , grade | advisor : s_id , i_id | time_slot : time_slot_id , day , start_hr , start_min , end_hr , end_min | prereq : course_id , prereq_id	select name , dept_name from student where dept_name in ('Physics', 'Biology') and tot_cred in (select tot_cred from student group by tot_cred order by count(*) desc limit 1)
not_in	dept_science	college_2: find the names of students who were concept_word1 from any course in the concept_word2 department. | classroom : building , room_number , capacity | department : dept_name , building , budget | course : course_id , title , dept_name , credits | instructor : id , name , dept_name , salary | section : course_id , sec_id , semester , year , building , room_number , time_slot_id | teaches : id , course_id , sec_id , semester , year | student : id , name , dept_name , tot_cred | takes : id , course_id , sec_id , semester , year , grade | advisor : s_id , i_id | time_slot : time_slot_id , day , start_hr , start_min , end_hr , end_min | prereq : course_id , prereq_id	select name from student where id not in (select t1.id from takes as t1 join course as t2 on t1.course_id = t2.course_id where t2.dept_name in ('Physics', 'Biology'))
more_than_max	dept_science	college_2: Give the names of students who concept_word1 those in concept_word2 department in terms of total credits | classroom : building , room_number , capacity | department : dept_name , building , budget | course : course_id , title , dept_name , credits | instructor : id , name , dept_name , salary | section : course_id , sec_id , semester , year , building , room_number , time_slot_id | teaches : id , course_id , sec_id , semester , year | student : id , name , dept_name , tot_cred | takes : id , course_id , sec_id , semester , year , grade | advisor : s_id , i_id | time_slot : time_slot_id , day , start_hr , start_min , end_hr , end_min | prereq : course_id , prereq_id	select name from student where tot_cred > (select max(tot_cred) from student where dept_name in ('Physics', 'Biology'))
more_than_max	dept_science	college_2: identify the instructors whose salary concept_word1s those of the instructors in the concept_word2 department. | classroom : building , room_number , capacity | department : dept_name , building , budget | course : course_id , title , dept_name , credits | instructor : id , name , dept_name , salary | section : course_id , sec_id , semester , year , building , room_number , time_slot_id | teaches : id , course_id , sec_id , semester , year | student : id , name , dept_name , tot_cred | takes : id , course_id , sec_id , semester , year , grade | advisor : s_id , i_id | time_slot : time_slot_id , day , start_hr , start_min , end_hr , end_min | prereq : course_id , prereq_id	select name from instructor where salary > (select max(salary) from instructor where dept_name in ('Physics', 'Biology'))
more_than_max	dept_science	college_2: which instructors concept_word1 in terms of salary compared to those in the concept_word2 department? | classroom : building , room_number , capacity | department : dept_name , building , budget | course : course_id , title , dept_name , credits | instructor : id , name , dept_name , salary | section : course_id , sec_id , semester , year , building , room_number , time_slot_id | teaches : id , course_id , sec_id , semester , year | student : id , name , dept_name , tot_cred | takes : id , course_id , sec_id , semester , year , grade | advisor : s_id , i_id | time_slot : time_slot_id , day , start_hr , start_min , end_hr , end_min | prereq : course_id , prereq_id	select name from instructor where salary > (select max(salary) from instructor where dept_name in ('Physics', 'Biology'))
second_max	dept_science	college_1: what is the name of concept_word2 department that has the concept_word1 number of professors with a Ph.D. degree? | class : class_code , crs_code , class_section , class_time , class_room , prof_num | course : crs_code , dept_code , crs_description , crs_credit | department : dept_code , dept_name , school_code , emp_num , dept_address , dept_extension | employee : emp_num , emp_lname , emp_fname , emp_initial , emp_jobcode , emp_hiredate , emp_dob | enroll : class_code , stu_num , enroll_grade | professor : emp_num , dept_code , prof_office , prof_extension , prof_high_degree | student : stu_num , stu_lname , stu_fname , stu_init , stu_dob , stu_hrs , stu_class , stu_gpa , stu_transfer , dept_code , stu_phone , prof_num	select t_tab.dept_name , t_tab.dept_code from (select t2.dept_name , t1.dept_code , count(*) as t_prop from professor as t1 join department as t2 on t1.dept_code = t2.dept_code where dept_name in ('Physics', 'Biology') and t1.prof_high_degree = 'Ph.D.' group by t1.dept_code order by count(*) desc limit 2) as t_tab order by t_tab.t_prop limit 1
second_max	dept_science	college_1: find the name and address of the concept_word2 department that has the concept_word1 number of students. | class : class_code , crs_code , class_section , class_time , class_room , prof_num | course : crs_code , dept_code , crs_description , crs_credit | department : dept_code , dept_name , school_code , emp_num , dept_address , dept_extension | employee : emp_num , emp_lname , emp_fname , emp_initial , emp_jobcode , emp_hiredate , emp_dob | enroll : class_code , stu_num , enroll_grade | professor : emp_num , dept_code , prof_office , prof_extension , prof_high_degree | student : stu_num , stu_lname , stu_fname , stu_init , stu_dob , stu_hrs , stu_class , stu_gpa , stu_transfer , dept_code , stu_phone , prof_num	select t_tab.dept_name , t_tab.dept_address from (select t2.dept_name , t2.dept_address , count(*) as t_prop from student as t1 join department as t2 on t1.dept_code = t2.dept_code group by t1.dept_code having dept_name in ('Physics', 'Biology') order by count(*) desc limit 2) as t_tab order by t_tab.t_prop limit 1
course_prereq_id	dept_science	college_2: what concept_word2 departments offer courses with prerequisites that have concept_word1 less than 120000? | classroom : building , room_number , capacity | department : dept_name , building , budget | course : course_id , title , dept_name , credits | instructor : id , name , dept_name , salary | section : course_id , sec_id , semester , year , building , room_number , time_slot_id | teaches : id , course_id , sec_id , semester , year | student : id , name , dept_name , tot_cred | takes : id , course_id , sec_id , semester , year , grade | advisor : s_id , i_id | time_slot : time_slot_id , day , start_hr , start_min , end_hr , end_min | prereq : course_id , prereq_id	select dept_name from course where dept_name in ('Physics', 'Biology') and course_id in (select course_id from prereq where course_id * prereq_id < 120000)
course_prereq_id	dept_science	college_2: find the names of concept_word2 departments offering courses that have prerequisites with concept_word1 more than 110000? | classroom : building , room_number , capacity | department : dept_name , building , budget | course : course_id , title , dept_name , credits | instructor : id , name , dept_name , salary | section : course_id , sec_id , semester , year , building , room_number , time_slot_id | teaches : id , course_id , sec_id , semester , year | student : id , name , dept_name , tot_cred | takes : id , course_id , sec_id , semester , year , grade | advisor : s_id , i_id | time_slot : time_slot_id , day , start_hr , start_min , end_hr , end_min | prereq : course_id , prereq_id	select dept_name from course where dept_name in ('Physics', 'Biology') and course_id in (select course_id from prereq where course_id * prereq_id > 110000)
course_prereq_id	dept_science	college_2: find the names of concept_word2 departments offering 3 credit courses that have prerequisites with concept_word1 more than 120000? | classroom : building , room_number , capacity | department : dept_name , building , budget | course : course_id , title , dept_name , credits | instructor : id , name , dept_name , salary | section : course_id , sec_id , semester , year , building , room_number , time_slot_id | teaches : id , course_id , sec_id , semester , year | student : id , name , dept_name , tot_cred | takes : id , course_id , sec_id , semester , year , grade | advisor : s_id , i_id | time_slot : time_slot_id , day , start_hr , start_min , end_hr , end_min | prereq : course_id , prereq_id	select dept_name from course where dept_name in ('Physics', 'Biology') and course_id in (select course_id from prereq where course_id * prereq_id > 120000) and credits = 3
course_prereq_id	dept_science	college_2: what concept_word2 departments offer 3 credit courses with prerequisites that have concept_word1 less than 110000? | classroom : building , room_number , capacity | department : dept_name , building , budget | course : course_id , title , dept_name , credits | instructor : id , name , dept_name , salary | section : course_id , sec_id , semester , year , building , room_number , time_slot_id | teaches : id , course_id , sec_id , semester , year | student : id , name , dept_name , tot_cred | takes : id , course_id , sec_id , semester , year , grade | advisor : s_id , i_id | time_slot : time_slot_id , day , start_hr , start_min , end_hr , end_min | prereq : course_id , prereq_id	select dept_name from course where dept_name in ('Physics', 'Biology') and course_id in (select course_id from prereq where course_id * prereq_id < 110000) and credits = 3
maximum	city_mv_pa	bike_1: for each city, return the concept_word1 latitude among its stations located in concept_word2. | station : id , name , lat , long , dock_count , city , installation_date | status : station_id , bikes_available , docks_available , time | trip : id , duration , start_date , start_station_name , start_station_id , end_date , end_station_name , end_station_id , bike_id , subscription_type , zip_code | weather : date , max_temperature_f , mean_temperature_f , min_temperature_f , max_dew_point_f , mean_dew_point_f , min_dew_point_f , max_humidity , mean_humidity , min_humidity , max_sea_level_pressure_inches , mean_sea_level_pressure_inches , min_sea_level_pressure_inches , max_visibility_miles , mean_visibility_miles , min_visibility_miles , max_wind_speed_mph , mean_wind_speed_mph , max_gust_speed_mph , precipitation_inches , cloud_cover , events , wind_dir_degrees , zip_code	select city , max(lat) from station group by city having city in ('Mountain View', 'Palo Alto') 
maximum	city_mv_pa	bike_1: for each city, what is the concept_word1 latitude for its stations located in concept_word2? | station : id , name , lat , long , dock_count , city , installation_date | status : station_id , bikes_available , docks_available , time | trip : id , duration , start_date , start_station_name , start_station_id , end_date , end_station_name , end_station_id , bike_id , subscription_type , zip_code | weather : date , max_temperature_f , mean_temperature_f , min_temperature_f , max_dew_point_f , mean_dew_point_f , min_dew_point_f , max_humidity , mean_humidity , min_humidity , max_sea_level_pressure_inches , mean_sea_level_pressure_inches , min_sea_level_pressure_inches , max_visibility_miles , mean_visibility_miles , min_visibility_miles , max_wind_speed_mph , mean_wind_speed_mph , max_gust_speed_mph , precipitation_inches , cloud_cover , events , wind_dir_degrees , zip_code	select city , max(lat) from station group by city having city in ('Mountain View', 'Palo Alto') 
maximum	city_mv_pa	bike_1: list all the cities in a decreasing order of each city's stations located in concept_word2' concept_word1 latitude. | station : id , name , lat , long , dock_count , city , installation_date | status : station_id , bikes_available , docks_available , time | trip : id , duration , start_date , start_station_name , start_station_id , end_date , end_station_name , end_station_id , bike_id , subscription_type , zip_code | weather : date , max_temperature_f , mean_temperature_f , min_temperature_f , max_dew_point_f , mean_dew_point_f , min_dew_point_f , max_humidity , mean_humidity , min_humidity , max_sea_level_pressure_inches , mean_sea_level_pressure_inches , min_sea_level_pressure_inches , max_visibility_miles , mean_visibility_miles , min_visibility_miles , max_wind_speed_mph , mean_wind_speed_mph , max_gust_speed_mph , precipitation_inches , cloud_cover , events , wind_dir_degrees , zip_code	select city from station group by city having city in ('Mountain View', 'Palo Alto') order by max(lat) desc
maximum	city_mv_pa	bike_1: for each city, list their names in decreasing order by their concept_word2 station located in concept_word1 latitude. | station : id , name , lat , long , dock_count , city , installation_date | status : station_id , bikes_available , docks_available , time | trip : id , duration , start_date , start_station_name , start_station_id , end_date , end_station_name , end_station_id , bike_id , subscription_type , zip_code | weather : date , max_temperature_f , mean_temperature_f , min_temperature_f , max_dew_point_f , mean_dew_point_f , min_dew_point_f , max_humidity , mean_humidity , min_humidity , max_sea_level_pressure_inches , mean_sea_level_pressure_inches , min_sea_level_pressure_inches , max_visibility_miles , mean_visibility_miles , min_visibility_miles , max_wind_speed_mph , mean_wind_speed_mph , max_gust_speed_mph , precipitation_inches , cloud_cover , events , wind_dir_degrees , zip_code	select city from station group by city having city in ('Mountain View', 'Palo Alto') order by max(lat) desc
minimum	city_mv_pa	bike_1: what is the latitude, longitude, city of the station located in concept_word2 from which the concept_word1 trip started? | station : id , name , lat , long , dock_count , city , installation_date | status : station_id , bikes_available , docks_available , time | trip : id , duration , start_date , start_station_name , start_station_id , end_date , end_station_name , end_station_id , bike_id , subscription_type , zip_code | weather : date , max_temperature_f , mean_temperature_f , min_temperature_f , max_dew_point_f , mean_dew_point_f , min_dew_point_f , max_humidity , mean_humidity , min_humidity , max_sea_level_pressure_inches , mean_sea_level_pressure_inches , min_sea_level_pressure_inches , max_visibility_miles , mean_visibility_miles , min_visibility_miles , max_wind_speed_mph , mean_wind_speed_mph , max_gust_speed_mph , precipitation_inches , cloud_cover , events , wind_dir_degrees , zip_code	select t1.lat , t1.long , t1.city from station as t1 join trip as t2 on t1.id = t2.start_station_id where city in ('Mountain View', 'Palo Alto') order by t2.duration limit 1
minimum	city_mv_pa	bike_1: what is the latitude, longitude, and city of the station located in concept_word2 from which the trip with concept_word1 duration started? | station : id , name , lat , long , dock_count , city , installation_date | status : station_id , bikes_available , docks_available , time | trip : id , duration , start_date , start_station_name , start_station_id , end_date , end_station_name , end_station_id , bike_id , subscription_type , zip_code | weather : date , max_temperature_f , mean_temperature_f , min_temperature_f , max_dew_point_f , mean_dew_point_f , min_dew_point_f , max_humidity , mean_humidity , min_humidity , max_sea_level_pressure_inches , mean_sea_level_pressure_inches , min_sea_level_pressure_inches , max_visibility_miles , mean_visibility_miles , min_visibility_miles , max_wind_speed_mph , mean_wind_speed_mph , max_gust_speed_mph , precipitation_inches , cloud_cover , events , wind_dir_degrees , zip_code	select t1.lat , t1.long , t1.city from station as t1 join trip as t2 on t1.id = t2.start_station_id where city in ('Mountain View', 'Palo Alto') order by t2.duration limit 1
minimum	city_mv_pa	bike_1: what are the name, latitude, and city of the station located in concept_word2 with the concept_word1 latitude? | station : id , name , lat , long , dock_count , city , installation_date | status : station_id , bikes_available , docks_available , time | trip : id , duration , start_date , start_station_name , start_station_id , end_date , end_station_name , end_station_id , bike_id , subscription_type , zip_code | weather : date , max_temperature_f , mean_temperature_f , min_temperature_f , max_dew_point_f , mean_dew_point_f , min_dew_point_f , max_humidity , mean_humidity , min_humidity , max_sea_level_pressure_inches , mean_sea_level_pressure_inches , min_sea_level_pressure_inches , max_visibility_miles , mean_visibility_miles , min_visibility_miles , max_wind_speed_mph , mean_wind_speed_mph , max_gust_speed_mph , precipitation_inches , cloud_cover , events , wind_dir_degrees , zip_code	select name , lat , city from station where city in ('Mountain View', 'Palo Alto') order by lat limit 1
